1046_002-1046_004,
1046_004-1046_005,
1046_005-1046_006,
1046_006-1046_007,
1045_001-1045_002,
1045_002-1045_003,
1045_003-1045_004,
1045_004-1045_005,
1045_005-1045_006,
1045_006-1045_007,
1045_007-1045_008,
1045_008-1045_009,
1045_009-1045_010,
1045_010-1045_011,
1045_011-1045_012,
1045_012-1045_013,
1045_013-1045_014,
1045_014-1045_015,
1044_001-1044_002,
1044_002-1044_003,
1044_003-1044_004,
1044_004-1044_005,
1044_005-1044_006,
1044_006-1044_007,
1044_007-1044_008,
1044_008-1044_009,
1044_009-1044_010,
1044_010-1044_011,
1044_011-1044_012,
1044_012-1044_013,
1044_013-1044_014,
1044_014-1044_015,
1044_015-1044_016,
1044_016-1044_017,
1044_017-1044_018,
1043_001-1043_002,
1043_002-1043_003,
1043_003-1043_004,
1043_004-1043_005,
1043_005-1043_006,
1043_006-1043_007,
1043_007-1043_008,
1043_008-1043_009,
1043_009-1043_010,
1043_010-1043_011,
1043_011-1043_012,
1043_012-1043_013,
1043_013-1043_014,
1043_014-1043_015,
1042_001-1042_002,
1042_002-1042_003,
1042_003-1042_004,
1042_004-1042_005,
